<edmx:Edmx xmlns:edmx="http://docs.oasis-open.org/odata/ns/edmx" Version="4.0">
    <edmx:Reference Uri="/sap/opu/odata/IWFND/CATALOGSERVICE;v=2/Vocabularies(TechnicalName='%2FIWBEP%2FVOC_COMMON',Version='0001',SAP__Origin='LOCAL')/$value">
        <edmx:Include Namespace="com.sap.vocabularies.Common.v1" Alias="Common" />
    </edmx:Reference>
    <edmx:Reference Uri="/sap/opu/odata/IWFND/CATALOGSERVICE;v=2/Vocabularies(TechnicalName='%2FIWBEP%2FVOC_UI',Version='0001',SAP__Origin='LOCAL')/$value">
        <edmx:Include Namespace="com.sap.vocabularies.UI.v1" Alias="UI" />
    </edmx:Reference>
    <edmx:Reference Uri="/sap/opu/odata/IWFND/CATALOGSERVICE;v=2/Vocabularies(TechnicalName='%2FIWBEP%2FVOC_COMMUNICATION',Version='0001',SAP__Origin='LOCAL')/$value">
        <edmx:Include Namespace="com.sap.vocabularies.Communication.v1" Alias="Communication" />
    </edmx:Reference>
    <edmx:Reference Uri="/sap/opu/odata/sap/ZFF_MBP_ODATA_SRV/$metadata">
        <edmx:Include Namespace="ZFF_MBP_ODATA_SRV" />
    </edmx:Reference>
    <edmx:DataServices>
        <Schema xmlns="http://docs.oasis-open.org/odata/ns/edm" Namespace="ns">
            <Annotations Target="ZFF_MBP_ODATA_SRV.BusinessPartners">
                <Annotation Term="UI.SelectionFields">
                    <Collection>
                        <PropertyPath>Namefull</PropertyPath>
                        <PropertyPath>Partner</PropertyPath>
                        <PropertyPath>Role</PropertyPath>
                    </Collection>
                </Annotation>
                <Annotation Term="UI.LineItem">
                    <Collection>
                        <Record Type="UI.DataFieldForAnnotation">
                            <PropertyValue Property="Target" AnnotationPath="@UI.FieldGroup#FirstColumn" />
                            <PropertyValue Property="Label" String="Partner" />
                        </Record>
                        <Record Type="UI.DataField">
                            <PropertyValue Property="Value" Path="Role" />
                        </Record>
                    </Collection>
                </Annotation>
                <Annotation Term="UI.FieldGroup" Qualifier="FirstColumn">
                    <Record Type="UI.FieldGroupType">
                        <PropertyValue Property="Data">
                            <Collection>
                                <Record Type="UI.DataField">
                                    <PropertyValue Property="Value" Path="Namefull" />
                                </Record>
                                <Record Type="UI.DataField">
                                    <PropertyValue Property="Value" Path="Partner" />
                                </Record>
                            </Collection>
                        </PropertyValue>
                    </Record>
                </Annotation>
                <Annotation Term="UI.FieldGroup" Qualifier="BusinessPartnerDetails">
                    <Record Type="UI.FieldGroupType">
                        <PropertyValue Property="Data">
                            <Collection>
                                <Record Type="UI.DataField">
                                    <PropertyValue Property="Value" Path="Type" />
                                    <PropertyValue Property="Label" String="Business Partner Category" />
                                </Record>
                            </Collection>
                        </PropertyValue>
                    </Record>
                </Annotation>
                <Annotation Term="UI.FieldGroup" Qualifier="BasicData">
                    <Record Type="UI.FieldGroupType">
                        <PropertyValue Property="Data">
                            <Collection>
                                <Record Type="UI.DataField">
                                    <PropertyValue Property="Value" Path="Titlelet" />
                                    <PropertyValue Property="Label" String="Title" />
                                </Record>
                                <Record Type="UI.DataField">
                                    <PropertyValue Property="Value" Path="Name1" />
                                    <PropertyValue Property="Label" String="Name of Organization" />
                                </Record>
                                <Record Type="UI.DataField">
                                    <PropertyValue Property="Value" Path="Namefirst" />
                                    <PropertyValue Property="Label" String="First Name of BP" />
                                </Record>
                                <Record Type="UI.DataField">
                                    <PropertyValue Property="Value" Path="Namelast" />
                                    <PropertyValue Property="Label" String="Last Name of BP" />
                                </Record>
                                <Record Type="UI.DataField">
                                    <PropertyValue Property="Value" Path="Namefull" />
                                    <PropertyValue Property="Label" String="Name" />
                                </Record>
                                <Record Type="UI.DataField">
                                    <PropertyValue Property="Value" Path="Bpext" />
                                    <PropertyValue Property="Label" String="External number" />
                                </Record>
                                <Record Type="UI.DataField">
                                    <PropertyValue Property="Value" Path="Role" />
                                    <PropertyValue Property="Label" String="BP Role" />
                                </Record>
                                <Record Type="UI.DataField">
                                    <PropertyValue Property="Value" Path="Type" />
                                    <PropertyValue Property="Label" String="BP Category" />
                                </Record>
                            </Collection>
                        </PropertyValue>
                    </Record>
                </Annotation>T>
                <Annotation Term="UI.Facets">
                    <Collection>
                        <Record Type="UI.ReferenceFacet">
                            <PropertyValue Property="Target" AnnotationPath="@UI.FieldGroup#BasicData" />
                            <PropertyValue Property="Label" String="Basic Data" />
                        </Record>
                    </Collection>
                </Annotation>
                <Annotation Term="UI.HeaderInfo">
                    <Record Type="UI.HeaderInfoType">
                        <PropertyValue Property="TypeName" String="Business Partner" />
                        <PropertyValue Property="TypeNamePlural" String="Business Partners" />
                        <PropertyValue Property="Title">
                            <Record Type="UI.DataField">
                                <PropertyValue Property="Value" Path="Partner" />
                            </Record>
                        </PropertyValue>
                        <PropertyValue Property="Description">
                            <Record Type="UI.DataField">
                                <PropertyValue Property="Value" Path="Namefull" />
                                <PropertyValue Property="Label" String="Name" />
                            </Record>
                        </PropertyValue>
                        <PropertyValue Property="ImageUrl" String="" />
                        <PropertyValue Property="TypeImageUrl" String="" />
                        <PropertyValue Property="Initials" String="" />
                    </Record>
                </Annotation>
                <Annotation Term="UI.HeaderFacets">
                    <Collection>
                        <Record Type="UI.ReferenceFacet">
                            <PropertyValue Property="Target" AnnotationPath="@UI.FieldGroup#BusinessPartnerDetails" />
                            <PropertyValue Property="Label" String="Details" />
                        </Record>
                    </Collection>
                </Annotation>
            </Annotations>
        </Schema>
    </edmx:DataServices>
</edmx:Edmx>
