[{"fileName":"id_1611780896447_28_propertyChange","fileType":"change","changeType":"propertyChange","moduleName":"","reference":"ns.businesspartners","packageName":"","content":{"property":"useExportToExcel","newValue":true},"selector":{"id":"ns.businesspartners::sap.suite.ui.generic.template.ListReport.view.ListReport::BusinessPartnersSet--listReport","idIsLocal":false,"type":"sap.ui.comp.smarttable.SmartTable"},"layer":"VENDOR","texts":{},"namespace":"apps/ns.businesspartners/changes/","projectId":"ns.businesspartners","creation":1611780896447,"originalLanguage":"","support":{"generator":"changeUtils: SAPFioriTools","service":"","user":"","sapui5Version":"latest","sourceChangeFileName":"","compositeCommand":""},"oDataInformation":{},"dependentSelector":{},"validAppVersions":{"from":"1.0.0","to":"1.0.0","creation":"1.0.0"},"jsOnly":false,"variantReference":"","appDescriptorChange":false}]